AWS User Group Name,AWS User Group Location,URL,Category
 AWS  User Group Timisoara,"Timisoara, Romania",https://www.meetup.com/aws-timisoara,General AWS User Groups
AWS Abidjan User Group,"Abidjan, Ivory Coast",https://www.meetup.com/groupe-meetup-abidjan-amazon-web-services/,General AWS User Groups
AWS Accra,"Accra, Ghana",https://www.meetup.com/aws-accra/,General AWS User Groups
AWS Algeria,"Alger, Algeria",https://www.meetup.com/AWS-Algeria/,General AWS User Groups
AWS Amsterdam,"Amsterdam, The Netherlands",https://www.meetup.com/aws-ams/,General AWS User Groups
AWS Arizona,"Phoenix, Arizona, USA",https://www.meetup.com/AWSArizona/,General AWS User Groups
AWS Bahrain User Group,"Manama, Bahrain",https://www.meetup.com/AWS-Bahrain-User-Group/,General AWS User Groups
AWS Bath User Group,"Bath, United Kingdom",https://www.meetup.com/AWSBathUserGroup/,General AWS User Groups
AWS Bilbao,"Bilbao, Spain",https://www.meetup.com/AWS-Bilbao/,General AWS User Groups
AWS Budapest Community of Practice,"Budapest, Hungary",https://www.meetup.com/AWS-Budapest-CoP/,General AWS User Groups
AWS Bulgaria,"Sofia, Bulgaria",https://www.meetup.com/AWS-Bulgaria/,General AWS User Groups
AWS Cambridge Meetup Group,"Cambridge, United Kingdom",https://www.meetup.com/AWS-Amazon-Web-Services-Cambridge-Meetup-Group/,General AWS User Groups
AWS Charlotte User Group,"Charlotte, North Carolina, USA",https://www.meetup.com/AWS-Charlotte-User-Group/,General AWS User Groups
AWS Cleveland User Group,"Cleveland, USA",https://www.meetup.com/cleveland-aws-meetup/,General AWS User Groups
AWS Cloud Security - NoVA,"Arlington, VA, USA",https://www.meetup.com/aws-security-nova/,General AWS User Groups
AWS Cloud Security User Group West Africa,"Lagos, Nigeria",https://www.meetup.com/aws-cloud-security-user-group-west-africa/,General AWS User Groups
AWS Cluj,"Cluj, Romania",https://www.meetup.com/AWS-Cluj/,General AWS User Groups
AWS Colombia Bogota,"Bogotá, Colombia",https://www.meetup.com/AWS-Colombia-bogota/,General AWS User Groups
AWS Dallas,"Dallas, Texas, USA",https://www.meetup.com/AWS-Dallas/,General AWS User Groups
AWS Data Engineer User Group India,India,https://www.meetup.com/aws-usergroup-data-india/,General AWS User Groups
AWS Dubai,"Dubai, United Arab Emirates",https://www.meetup.com/AWS-Dubai/,General AWS User Groups
AWS Ecuador User Group,"Guayaquil, Ecuador",https://www.meetup.com/aws-ecuador/,General AWS User Groups
AWS Frederick Meetup,"Frederick, Maryland, USA",https://www.meetup.com/AWS-Frederick-Meetup/,General AWS User Groups
AWS GO,"‎Goiânia, Brazil",https://www.meetup.com/AWS-GO/,General AWS User Groups
AWS Girls Argentina,"Argentina, Argentina",https://www.linkedin.com/company/aws-girls-argentina,Women's User Groups
AWS Girls Chile User Group,"Santiago, Chile",https://www.meetup.com/aws-girls-chile-group/,Women's User Groups
AWS Gothenburg User Group,"Gothenburg, Sweden",https://www.meetup.com/AWS_user_group_Gothenburg/,General AWS User Groups
AWS Guatemala,"Guatemala, Guatemala",https://www.meetup.com/AWS-Guatemala/,General AWS User Groups
AWS Gulf Coast User Group,"Mobile, USA",https://www.linkedin.com/company/aws-gulf-coast-user-group/,General AWS User Groups
AWS Gurus,"San Mateo, California, USA",https://www.meetup.com/awsgurus/,General AWS User Groups
AWS Houston,"Houston, Texas, USA",https://www.meetup.com/AWS-Houston/,General AWS User Groups
AWS IL,"Tel Aviv-Yafo, Israel",https://www.meetup.com/AWS-IL/,General AWS User Groups
AWS Ireland Usergroup,"Dublin, Ireland",https://www.meetup.com/AWS-Ireland-Usergroup/,General AWS User Groups
AWS JOZI,"Johannesburg, South Africa",https://www.meetup.com/AWS-JOZI/,General AWS User Groups
AWS Jackson Mississippi,"Jackson, Mississippi, USA",https://www.meetup.com/pro/aws-jackson-mississippi/,General AWS User Groups
AWS Jeddah User Group,"Jeddah, Saudi Arabia",https://www.meetup.com/AWS-Jeddah-User-Group/,General AWS User Groups
AWS Jordan,"Amman, Jordan",https://www.meetup.com/aws-jordan/,General AWS User Groups
AWS Kansas City User Group,"Kansas City, Kansas, USA",https://www.meetup.com/awskcug/,General AWS User Groups
AWS Korea User Group (AWSKRUG),Korea,https://awskrug.github.io/,General AWS User Groups
AWS Lafayette,"Lafayette, Louisiana, USA",https://www.meetup.com/AWS-Lafayette/,General AWS User Groups
AWS Las Vegas,"Las Vegas, Nevada, USA",https://www.meetup.com/AWS-LasVegas/,General AWS User Groups
AWS Lebanon,"Beirut, Lebanon",https://www.meetup.com/AWS-Lebanon/,General AWS User Groups
AWS Leeds User Group,"Leeds, United Kingdom",https://www.meetup.com/AWS-Leeds-User-Group/,General AWS User Groups
AWS Lyon AWS User Group,"Lyon, France",https://www.meetup.com/AWS-Lyon-Amazon-Web-Services-User-Group/,General AWS User Groups
AWS Machine Learning Community NYC,"New York City, New York, USA",https://www.meetup.com/AWS-Machine-Learning-Community-NYC/,General AWS User Groups
AWS Machine Learning LATAM,"Lima, Peru",https://www.linkedin.com/company/awsmllatam/,AI/ML
AWS Medellin,"Medellín, Colombia",https://www.meetup.com/AWS-Medellin/,General AWS User Groups
AWS Meetup Aarhus,"Århus, Denmark",https://www.meetup.com/AWSaarhus/,General AWS User Groups
AWS Meetup Bielefeld,"Bielefeld, Germany",https://www.meetup.com/AWS-Meetup-Bielefeld/,General AWS User Groups
AWS Meetup JKL,"Jyväskylä, Finland",https://www.meetup.com/aws-meetup-jkl/,General AWS User Groups
AWS Meetup Karlsruhe,"Karlsruhe, Germany",https://www.meetup.com/aws-meetup-karlsruhe/,General AWS User Groups
AWS Meetup Minsk,"Minsk, Belarus",https://t.me/aws_minsk,General AWS User Groups
AWS Meetup Rio de Janeiro,"Rio de Janeiro, Brazil",https://www.meetup.com/AWS-Meetup-Rio-de-Janeiro/,General AWS User Groups
AWS Melbourne Well-Architected User Group,"Melbourne, Australia",https://www.meetup.com/aws-melbourne-well-architected-user-group/,General AWS User Groups
AWS Michigan,"Ann Arbor, Michigan, USA",https://www.meetup.com/AWS-Michigan/,General AWS User Groups
AWS Milwaukee,"Milwaukee, USA",https://www.meetup.com/mkeaws/,General AWS User Groups
AWS Munich,"München, Germany",https://www.meetup.com/AWS-Munich/,General AWS User Groups
AWS NYC,"New York City, New York, USA",https://www.meetup.com/AWS-NYC/,General AWS User Groups
AWS New Orleans,"New Orleans, Louisiana, USA",https://www.meetup.com/AWS-New-Orleans/,General AWS User Groups
AWS New York,"New York City, New York, USA",https://www.meetup.com/AWSnewyork/,General AWS User Groups
AWS Nigeria User Group,"Lagos, Nigeria",https://www.meetup.com/AWS-Nigeria-User-Group/,General AWS User Groups
AWS Ontario Virtual User Group,"Toronto, Ontario, Canada",https://www.meetup.com/aws-ontario-virtual-user-group/,General AWS User Groups
AWS PTA,"Pretoria, South Africa",https://www.meetup.com/AWS-PTA/,General AWS User Groups
AWS Palestine,"Ramallah, Palestinian Territories",https://www.meetup.com/aws-palestine/,General AWS User Groups
AWS Portland,"Portland, Oregon, USA",https://www.meetup.com/AWS-Portland/,General AWS User Groups
AWS Porto Alegre,"Porto Alegre, Brazil",https://www.meetup.com/AWS-Porto-Alegre/,General AWS User Groups
AWS Portsmouth User Group,"Portsmouth, New Hampshire, USA",https://www.meetup.com/awspug/,General AWS User Groups
AWS Providence UG,"Providence, Rhode Island, USA",https://www.meetup.com/providence-aws-user-group/,General AWS User Groups
AWS Puerto Rico UG,"Puerto Rico, Puerto Rico",https://www.meetup.com/amazon-web-services-puerto-rico-user-group/,General AWS User Groups
AWS Raleigh,"Raleigh, North Carolina, USA",https://www.meetup.com/AWS-Raleigh/,General AWS User Groups
AWS Rosenheim Meetup Gruppe,"Rosenheim, Germany",https://www.meetup.com/Amazon-Web-Services-Rosenheim-Meetup-Gruppe/ ,General AWS User Groups
AWS Sacramento,"Sacramento, California, USA",https://www.meetup.com/AWS-SACRAMENTO/,General AWS User Groups
AWS San Diego User Group,"San Diego, California, USA",https://www.meetup.com/Amazon-Web-Services-San-Diego-User-Group/,General AWS User Groups
AWS San Francisco,"San Francisco, California, USA",https://www.meetup.com/AWS-SANFRANCISCO/,General AWS User Groups
AWS Saudi User Group,"Riyadh, Saudi Arabia",https://www.meetup.com/AWS-Saudi-user-group/,General AWS User Groups
AWS Security Community LATAM,"Lima, Peru",https://www.meetup.com/awssecuritylatam/,Security
AWS Security User Group Philippines,"Manila, Philippines",https://www.meetup.com/aws-security-users-group-manila/,General AWS User Groups
AWS Serverless Budapest,"Budapest, Hungary",https://www.meetup.com/aws-serverless-budapest/,General AWS User Groups
AWS Serverless User Group Myanmar,"Myanmar, Myanmar",https://www.facebook.com/groups/serverlessmm,Serverless
AWS South Wales User Group,"South Wales, United Kingdom",https://www.meetup.com/AWS-South-Wales-User-Group/,General AWS User Groups
AWS Startup Community -Japan,Tokyo,https://aws-startup-community.connpass.com/,AWS Startups
AWS Stockholm,"Stockholm, Sweden",https://www.meetup.com/aws-stockholm/,General AWS User Groups
AWS Swiss User Group Basel,"Basel, Switzerland",https://www.meetup.com/meetup-group-CeXGtXcm/,General AWS User Groups
AWS Swiss User Group Bern,"Bern, Switzerland",https://www.meetup.com/AWS-Swiss-User-Group-Bern/,General AWS User Groups
AWS Swiss User Group Geneva,"Geneva, Switzerland",https://www.meetup.com/AWS-Swiss-User-Group-Geneva/,General AWS User Groups
AWS Swiss User Group Lausanne,"Lausanne, Switzerland",https://www.meetup.com/AWS-Swiss-User-Group-Lausanne/,General AWS User Groups
AWS Swiss User Group Zurich,"Zurich, Switzerland",https://www.meetup.com/awsugch/,General AWS User Groups
AWS Sydney Well-Architected User Group,"Sydney, Australia",https://www.meetup.com/aws-sydney-well-architected-user-group/,General AWS User Groups
AWS The Hague,"Den Haag, The Netherlands",https://www.meetup.com/aws-hague/,General AWS User Groups
AWS Tunisia,"Tunisia, Tunisia",https://www.meetup.com/aws-user-group-tunisia/,General AWS User Groups
AWS UG Abu Dhabi,"Abu Dhabi, UAE",https://www.meetup.com/abu-dhabi-aws-user-group/,General AWS User Groups
AWS UG Aurangabad,"Aurangabad, India",https://www.meetup.com/awsugaurangabad/,General AWS User Groups
AWS UG Bajio,"Bajío, Mexico",https://www.meetup.com/AWS-User-Group-Bajio/,General AWS User Groups
AWS UG Castelo Branco,"Castelo Branco, Portugal",https://www.meetup.com/aws-user-group-castelo-branco/,General AWS User Groups
AWS UG Chisinau,"Chisinau, Moldova",https://www.meetup.com/amazon-web-services-user-group-chisinau/,General AWS User Groups
AWS UG Egypt,"Cairo, Egypt",https://www.meetup.com/awsegyptmeetup/,General AWS User Groups
AWS UG Islamabad,"Islamabad, Pakistan",https://www.linkedin.com/company/aws-ug-islamabad/,General AWS User Groups
AWS UG Jalisco,"Guadajalara, Mexico",https://www.meetup.com/Amazon-Web-Services-Jalisco/,General AWS User Groups
AWS UG Jamaica,"Kingston, Jamaica",https://www.meetup.com/aws-user-group-jamaica/,General AWS User Groups
AWS UG Maputo,"Maputo, Mozambique",https://www.meetup.com/aws-maputo/,General AWS User Groups
AWS UG Medan,"Medan, Indonesia",https://www.meetup.com/aws-user-group-medan/events/301338842/,General AWS User Groups
AWS UG Mexico,"Ciudad de México, Mexico",https://www.meetup.com/Amazon-Web-Services-Mexico/,General AWS User Groups
AWS UG Monterrey,"Monterrey, Mexico",https://www.meetup.com/AWS-User-Group-Monterrey/,General AWS User Groups
AWS UG Patagonia,"Patagonia, Argentina",https://www.meetup.com/patagonia-aws-cloud-user-group,General AWS User Groups
AWS UG Peru,"Lima, Peru",https://www.meetup.com/awsperu/,General AWS User Groups
AWS UG Queretaro,"Querétaro, Mexico",https://www.meetup.com/Amazon-Web-Services-Queretaro/,General AWS User Groups
AWS UG Vadodara,"Vadodara, India",https://www.meetup.com/aws-community-vadodara/events/301313176/?%2F=,General AWS User Groups
AWS UG Wroclaw,"Wroclaw, Poland",https://www.meetup.com/pl-PL/aws-ug-wroclaw/,General AWS User Groups
AWS UG Zagreb,"Zagreb, Croatia",https://www.meetup.com/aws-user-group-zg/,General AWS User Groups
AWS User Group - Virginia & Metro DC,"Herndon, VA, USA",https://www.meetup.com/amazon-web-services-dmv/,General AWS User Groups
AWS User Group 3city,"Gdansk, Poland",https://www.meetup.com/aws-user-group-3city/,General AWS User Groups
AWS User Group Abuja,"Abuja, Nigeria",https://www.meetup.com/aws-user-group-abuja/,General AWS User Groups
AWS User Group Addis Ababa,"Addis Ababa, Ethiopia",https://www.meetup.com/aws-user-group-addis-ababa/,General AWS User Groups
AWS User Group Adelaide,"Adelaide, Australia",https://www.meetup.com/Amazon-Web-Services-User-Group-Adelaide/,General AWS User Groups
AWS User Group Ahmedabad,"Ahmedabad, India",https://genaiday.awsahmedabad.community/,General AWS User Groups
AWS User Group Ajolotes en la Nube,"Ciudad de Mexico, Mexico",https://www.meetup.com/ajolotesenlanube/,General AWS User Groups
AWS User Group Alicante,"Alicante, Spain",https://www.meetup.com/aws-user-group-alicante/,General AWS User Groups
AWS User Group Alto Tiête,"Alto Tiête, Brasil",https://www.meetup.com/aws-user-group-alto-tiete/,General AWS User Groups
AWS User Group Angola,"Luanda, Angola",https://www.meetup.com/aws-ug-angola/,General AWS User Groups
AWS User Group Argentina,"Buenos Aires, Argentina",https://www.meetup.com/es/aws-girls-argentina/,General AWS User Groups
AWS User Group Armenia,"Yerevan, Armenia",https://www.meetup.com/AWS-User-Group-Armenia,General AWS User Groups
AWS User Group Astana,"Astana, Kazakhstan",https://www.meetup.com/aws-user-group-astana/,General AWS User Groups
AWS User Group Asturias,"Asturias , Spain",https://www.meetup.com/aws-user-group-asturias/,General AWS User Groups
AWS User Group Asunción,"Asunción, Paraguay",https://www.meetup.com/aws-ug-paraguay/,General AWS User Groups
AWS User Group Auckland,"Auckland, New Zealand",https://www.meetup.com/AWS_NZ/,General AWS User Groups
AWS User Group Aurangabad,"India, Aurangabad",https://www.meetup.com/awsugaurangabad/events/301771279/?utm_medium=referral&utm_campaign=announceModal_savedevents_share_modal&utm_source=link,General AWS User Groups
AWS User Group Azuero,"Azuero, Panamá",https://www.meetup.com/AWS-User-Group-Azuero/,General AWS User Groups
AWS User Group Bamako,"Bamako, Mali ",https://www.meetup.com/aws-user-group-bamako/,General AWS User Groups
AWS User Group Banja Luka,"Banja Luka, Bosnia & Herzegovina",https://www.meetup.com/AWS-User-Group-Banja-Luka/,General AWS User Groups
AWS User Group Bari,"Bari, Italy",https://www.meetup.com/AWS-User-Group-Bari/,General AWS User Groups
AWS User Group Basilicata,"Potenza, Basilicasta",https://www.linkedin.com/company/aws-user-group-basilicata/about/,General AWS User Groups
AWS User Group Beijing,"Beijing, China",https://www.caws-ug.cn/index.html#/Home/OrganizerParticular?CityName=%E5%8C%97%E4%BA%AC&CityId=10307,General AWS User Groups
AWS User Group Belem,"Belem, Brasil",https://www.meetup.com/aws-user-group-belem/,General AWS User Groups
AWS User Group Belgium,"Brussels, Belgium",https://www.meetup.com/AWS-User-Group-Belgium/,General AWS User Groups
AWS User Group Belgrade,"Belgrade, Serbia",https://www.meetup.com/AWSUGBelgrade/,General AWS User Groups
AWS User Group Belize Central America,"San Ignacio, Belize",https://www.meetup.com/aws-user-group-belize,General AWS User Groups
AWS User Group Bengaluru,"Bangalore, India",https://www.meetup.com/awsugblr/,General AWS User Groups
AWS User Group Benin,"Johannesburg, South Africa",https://www.meetup.com/aws-user-group-benin/,General AWS User Groups
AWS User Group Bergen,"Bergen, Norway",https://www.meetup.com/AWS-User-Group-Bergen/,General AWS User Groups
AWS User Group Bergstrasse,"Bergstrasse, Germany",https://www.meetup.com/aws-user-group-bergstrasse/,General AWS User Groups
AWS User Group Białystok,No location,ttps://www.meetup.com/pl-PL/aws-user-group-bialystok/,General AWS User Groups
AWS User Group Birmingham,"Birmingham, Alabama, USA",https://www.meetup.com/Birmingham-AWS-Architects-Engineers-and-users/,General AWS User Groups
AWS User Group Blumenau,"Blumenau, Brazil",https://www.meetup.com/aws-usergroup-blumenau/,General AWS User Groups
AWS User Group Bolivia,"La Paz, Bolivia",https://www.meetup.com/aws-user-group-la-paz/,General AWS User Groups
AWS User Group Bonn,"Bonn, germany",https://www.meetup.com/de-DE/aws-user-group-bonn/,General AWS User Groups
AWS User Group Bosnia,"Mostar, Bosnia & Herzegovina",https://www.meetup.com/AWS-User-Group-Bosnia/,General AWS User Groups
AWS User Group Boyacá,"Boyacá, Colombia",https://www.meetup.com/awsugboyaca/,General AWS User Groups
AWS User Group Brasilia,"Brasilia, Brasil",https://www.meetup.com/es/aws-user-group-brasilia/,General AWS User Groups
AWS User Group Bratislava,"Bratislava, Slovakia",https://www.meetup.com/aws-user-group-bratislava/,General AWS User Groups
AWS User Group Braunschweig,"Braunschweig, Germany",https://www.meetup.com/AWS-User-Group-Braunschweig2/,General AWS User Groups
AWS User Group Brest,"Brest, France",https://www.meetup.com/brest-aws-user-group/,General AWS User Groups
AWS User Group Brighton ,"Brighton, UK",https://www.meetup.com/aws-brighton-user-group/,General AWS User Groups
AWS User Group Brisbane,"Brisbane, Australia",https://www.meetup.com/aws-brisbane/events/301234231/?isFirstPublish=true,General AWS User Groups
AWS User Group Bristol,"Bristol, UK",https://www.meetup.com/aws-user-group-bristol/,General AWS User Groups
AWS User Group Buea,"Buea, Cameroon",https://www.meetup.com/aws-user-group-buea/,General AWS User Groups
AWS User Group Buenos Aires,"Buenos Aires, Argentina",https://www.meetup.com/AWS-User-Group-Buenos-Aires/,General AWS User Groups
AWS User Group BuildHers Philippines,"Makati, Philippines",https://www.meetup.com/AWS-Usergroup-PH-Women/,General AWS User Groups
AWS User Group Calabria,"Cosenza, Italy",https://www.meetup.com/AWSusergroupCalabria/,General AWS User Groups
AWS User Group Campinas,"Campinas, Brazil",https://www.meetup.com/awscampinas/,General AWS User Groups
AWS User Group Canberra,"Canberra, Australia",https://meetup.com/awscbr,General AWS User Groups
AWS User Group Caracas,"Caracas, Venezuela",https://www.meetup.com/AWS-User-Group-Caracas/,General AWS User Groups
AWS User Group Caserta,"Caserta, Italy",https://www.meetup.com/AWS-User-Group-Caserta/,General AWS User Groups
AWS User Group Catania,"Catania, Italy",https://www.meetup.com/AWS-User-Group-Catania/,General AWS User Groups
AWS User Group Central Visayas,"Cebu, Philippines",https://www.meetup.com/AWS-Usergroup-PH-Central-Visayas/,General AWS User Groups
AWS User Group Changji,"Changji, China",https://www.caws-ug.cn/index.html#/Home/OrganizerParticular?CityName=%E6%98%8C%E5%90%89&CityId=10326,General AWS User Groups
AWS User Group Chengdu,"Chengdu, China",https://www.caws-ug.cn/index.html#/Home/OrganizerParticular?CityName=%E6%88%90%E9%83%BD&CityId=10312,General AWS User Groups
AWS User Group Chennai,"Chennai, India",https://www.meetup.com/awsusergroup-chennai/,General AWS User Groups
AWS User Group Chicago,"Chicago, USA",https://www.meetup.com/aws-chicago/,General AWS User Groups
AWS User Group Chile,"Santiago, Chile",https://www.meetup.com/AWS-User-Group-Chile/,General AWS User Groups
AWS User Group Chimaltemango,No location,https://www.meetup.com/aws-chimaltenango/,General AWS User Groups
AWS User Group Christchurch,"Christchurch, New Zealand",https://www.meetup.com/Christchurch-Amazon-Web-Services-Meetup/,General AWS User Groups
AWS User Group Cloud Security NoVa,"Arlington, USA",https://www.meetup.com/aws-security-nova/,General AWS User Groups
AWS User Group Cochabamba,"Cochabamba, Bolivia",https://www.meetup.com/aws-user-group-cochabamba/,General AWS User Groups
AWS User Group Coimbatore,"India, Coimbatore",https://www.meetup.com/awsugcoimbatore/events/301557365/?utm_medium=referral&utm_campaign=share-btn_savedevents_share_modal&utm_source=link,General AWS User Groups
AWS User Group Coimbatore,"Coimbatore, India",https://www.meetup.com/awsugcoimbatore/,General AWS User Groups
AWS User Group Colombo,"Colombo, Sri Lanka",https://www.meetup.com/awsugcmb/,General AWS User Groups
AWS User Group Conakry,"Conakry, Guinea",https://www.meetup.com/aws-user-group-conakry/,General AWS User Groups
AWS User Group Conneticut,"Hartford, CT, USA",https://www.meetup.com/aws-community-meetup-connecticut/,General AWS User Groups
AWS User Group Cordoba Argentina,"Cordoba, Argentina",https://www.meetup.com/AWS-User-Group-Cordoba-Argentina/,General AWS User Groups
AWS User Group Cork,"Cork, Ireland",https://www.meetup.com/AWS-Usergroup-Cork/,General AWS User Groups
AWS User Group Costa Rica,"San José, Costa Rica",https://www.meetup.com/aws-user-group-san-jose-costa-rica,General AWS User Groups
AWS User Group Cremona,"Cremona, Italy",https://www.meetup.com/AWS-User-Group-Cremona/,General AWS User Groups
AWS User Group Cuneo,"Cuneo, Italy",https://www.meetup.com/aws-cuneo/,General AWS User Groups
AWS User Group Curitiba,"Curitiba, Brazil",https://www.meetup.com/pt-BR/aws-curitiba-user-group/,General AWS User Groups
AWS User Group Córdoba,"Cordoba, Colombia",https://www.meetup.com/comunidad-aws-cordoba-col/,General AWS User Groups
AWS User Group Dakar,"Dakar, Senegal",https://www.meetup.com/aws-user-group-dakar/,General AWS User Groups
AWS User Group Davao,"Davao, Philippines",https://www.meetup.com/AWS-Davao/,General AWS User Groups
AWS User Group Dehradun,"Dehradun, India",https://www.linkedin.com/company/aws-user-group-dehradun/,General AWS User Groups
AWS User Group Delhi,"Delhi, India",https://www.meetup.com/AmazonAWS-Delhi/,General AWS User Groups
AWS User Group Des Moines,"Des Moines, Iowa, USA",https://www.meetup.com/AWS-User-Group-Des-Moines/,General AWS User Groups
AWS User Group Dhaka,"Dhaka, Bangladesh",https://www.facebook.com/groups/AWSBangladesh,General AWS User Groups
AWS User Group Dominicana,"Dominicana, Dominican Republic",https://www.meetup.com/AWSUserGroupDominicana,General AWS User Groups
AWS User Group Douala,"Douala, Cameroon",https://www.meetup.com/awsugdouala/events/300632019/,General AWS User Groups
AWS User Group East Midlands,"Nottingham, UK",https://www.meetup.com/east-midlands-aws-user-group/,General AWS User Groups
AWS User Group Egypt,"Cairo, Egypt",https://www.meetup.com/aws-egypt-club/,General AWS User Groups
AWS User Group Ensenada,"Ensenada, México",https://www.meetup.com/aws-user-group-ensenada/,General AWS User Groups
AWS User Group Estonia,"Tallinn, Estonia",https://www.meetup.com/aws-ee,General AWS User Groups
AWS User Group Finland,"Helsinki, Finland",https://www.meetup.com/awsfin/,General AWS User Groups
AWS User Group Florianópolis,"Florianópolis, Brazil",https://www.meetup.com/awsusergroupfln,General AWS User Groups
AWS User Group Foz do Iguaçu,"Foz do Iguaçu, Brasil",https://www.meetup.com/aws-usergroup-oeste-e-fronteiras/,General AWS User Groups
AWS User Group Girls Peru,"Lima, Peru",https://www.linkedin.com/company/aws-girls-user-group-peru/,Women's User Groups
AWS User Group Giza,"Giza, Egypt",https://www.meetup.com/aws-ug-giza/,General AWS User Groups
AWS User Group Gold Coast,"Gold Coast, Australia",https://www.meetup.com/awsgoldcoast/,General AWS User Groups
AWS User Group Hannover,"Hannover, Germany",https://www.meetup.com/AWS-Usergroup-Hannover/,General AWS User Groups
"AWS User Group Harare, Zimbabwe","Harare, Zimbabwe",https://www.meetup.com/aws-user-group-harare-zimbabwe/,General AWS User Groups
AWS User Group Hechi,"Hechi, China",https://www.caws-ug.cn/index.html#/Home/OrganizerParticular?CityName=%E6%B2%B3%E6%B1%A0&CityId=10354,General AWS User Groups
AWS User Group Heilbronn,"Heilbronn, Germany",https://www.meetup.com/aws-user-group-heilbronn/,General AWS User Groups
AWS User Group Ho Chi Minh City,"Ho Chi Minh City, Vietnam",https://www.facebook.com/groups/vietawscommunity,General AWS User Groups
AWS User Group Hobart,"Hobart, Australia",https://www.meetup.com/hobart-aws-user-group/,General AWS User Groups
AWS User Group Hong Kong,Hong Kong,https://www.facebook.com/groups/146633205522239/,General AWS User Groups
AWS User Group Hyderabad,"Hyderabad, India",https://www.meetup.com/awsughyd/,General AWS User Groups
AWS User Group Iceland,"Iceland, Iceland",https://www.facebook.com/groups/awsusergroupiceland,General AWS User Groups
AWS User Group Indore,"Indore, India",https://indore.awscommunity.in/,General AWS User Groups
AWS User Group Interior São Paulo,"São Paulo, Brazil",https://www.meetup.com/aws-user-group-interior-sp,General AWS User Groups
AWS User Group IoT Singapore,"Singapore, Singapore",https://meetup.com/aws-iot-meetup-group,IoT
AWS User Group Jaipur,"Jaipur, India",https://www.linkedin.com/company/awsjaipur/,General AWS User Groups
AWS User Group Jakarta,"Jakarta, Indonesia",https://www.facebook.com/groups/awsindonesia/,General AWS User Groups
AWS User Group Jakarta,"Indonesia, Jakarta",https://genaitour.dev/#jakarta,General AWS User Groups
AWS User Group Jalisco,"Mexico, Guadalajara",https://www.meetup.com/amazon-web-services-jalisco/events/301681141,General AWS User Groups
AWS User Group Jonkoping,"Jönköping, Sweden",https://www.meetup.com/AWS-User-Group-Jonkoping/,General AWS User Groups
AWS User Group Kampala,"Kampala, Uganda",https://www.linkedin.com/groups/9521088/,General AWS User Groups
AWS User Group Karachi,"Karachi, Pakistan",https://www.linkedin.com/company/aws-ug-karachi,General AWS User Groups
AWS User Group Kazakhstan,"Kazakhstan, Kazakhstan",https://t.me/+kgJckRCxnxNjNjIy,General AWS User Groups
AWS User Group Kigali,"Kigali , Rwanda",https://www.meetup.com/aws-user-group-kigali/,General AWS User Groups
AWS User Group Kochi,"Kochi, India",https://www.meetup.com/awsugkochi/,General AWS User Groups
AWS User Group Kolkata,"Kolkata, India",https://www.meetup.com/awsugkol/,General AWS User Groups
AWS User Group Kosice,"Kosice, Slovakia",https://www.meetup.com/aws-user-group-kosice/,General AWS User Groups
AWS User Group Kosovo,"Prishtinë, Kosovo",https://www.meetup.com/meetup-group-JsQCXAlY/,General AWS User Groups
AWS User Group Krakow,"Krakow, Poland",https://www.meetup.com/AWS-User-Group-Krakow/,General AWS User Groups
AWS User Group Kuopio,"Kuopio, Finland",https://www.meetup.com/aws-meetup-kuopio/,General AWS User Groups
AWS User Group Kyiv,"Kyiv, Ukraine",https://www.meetup.com/ru-RU/aws-user-group-kyiv/,General AWS User Groups
AWS User Group Kyrgyzstan,"Bishkek, Kyrgyzstan",https://t.me/AWSUserGroupKyrgyzstan,General AWS User Groups
AWS User Group La Paz,"La Paz, Bolivia",https://www.meetup.com/aws-user-group-la-paz/,General AWS User Groups
AWS User Group Lahore,"Pakistan, Lahore",https://www.linkedin.com/events/awsusergrouplahoremeetup-genera7200003130804031488,General AWS User Groups
AWS User Group Lahore,"Lahore, Pakistan",https://awscommunity.pk/,General AWS User Groups
AWS User Group Lanzhou,"Lanzhou, China",https://www.caws-ug.cn/index.html#/Home/OrganizerParticular?CityName=%E5%85%B0%E5%B7%9E&CityId=10340,General AWS User Groups
AWS User Group Las Palmas,"Las Palmas de Gran Canarias, Spain",https://www.meetup.com/aws-las-palmas-user-group/,General AWS User Groups
AWS User Group Latvia,"Riga, Latvia",https://www.meetup.com/AWS-User-Group-Latvia/,General AWS User Groups
AWS User Group Liberia,"Monrovia, Liberia",https://www.meetup.com/aws-liberia/,General AWS User Groups
AWS User Group Linz,"Linz, Austria",https://www.meetup.com/AWS-User-Group-Linz/,General AWS User Groups
AWS User Group Lisbon,"Lisbon, Portugal",https://www.meetup.com/AWS-User-Group-Lisbon/,General AWS User Groups
AWS User Group Lithuania,"Vilnius, Lithuania",https://www.meetup.com/AWS-User-Group-Lithuania/,General AWS User Groups
AWS User Group Liverpool,"Liverpool, United Kingdom",https://www.meetup.com/AWS-User-Group-Liverpool/,General AWS User Groups
AWS User Group Ljubljana,"Ljubljana, Slovenia",https://www.meetup.com/AWS-User-Group-Ljubljana/,General AWS User Groups
AWS User Group Lodz,"Lodz, Poland",https://www.meetup.com/aws-user-group-łodź/,General AWS User Groups
"AWS User Group Lodz, Poland","Lodz, Poland",https://www.meetup.com/pl-PL/awsugpl/,General AWS User Groups
AWS User Group Lublin,"Lublin, Poland",https://www.meetup.com/aws-user-group-lublin/,General AWS User Groups
AWS User Group Lusaka ,"Lusaka, Zambia",https://www.meetup.com/aws-ug-zambia/?viewAsMember=true,General AWS User Groups
AWS User Group MG,"Minas Gerais, Brazil",https://www.meetup.com/AWSUserGroupMG ,General AWS User Groups
AWS User Group Macedonia,"Skopje, Macedonia",https://www.facebook.com/groups/awsusergroupmacedonia,General AWS User Groups
AWS User Group Machine Learning Latam,"Lima, Peru",https://www.meetup.com/aws-ug-machine-learning-latam/,General AWS User Groups
AWS User Group Madurai,"Madurai, India",https://www.meetup.com/aws-user-group-madurai/events/301254399/,General AWS User Groups
AWS User Group Malang,"Malang, Indonesia",https://www.meetup.com/aws-user-group-malang/,General AWS User Groups
AWS User Group Malaysia,"Kuala Lumpur, Malaysia",https://www.facebook.com/groups/awsugmy/,General AWS User Groups
AWS User Group Malta,"Matla, CEE",https://www.meetup.com/aws-malta-user-group/,General AWS User Groups
AWS User Group Manizales,"Manizales, Colombia",https://www.meetup.com/aws-user-group-manizales/,General AWS User Groups
AWS User Group Marche,"Ancona, Italy",https://www.meetup.com/AWS-User-Group-Marche/,General AWS User Groups
AWS User Group Medan,"Medan, Indonesia",https://www.meetup.com/AWS-User-Group-Medan/,General AWS User Groups
AWS User Group Melbourne,"Melbourne, Australia",https://www.meetup.com/AWS-AUS/,General AWS User Groups
AWS User Group Merida Ops,"Merida, Mexico",https://www.meetup.com/comunidad-aws-merida-yucatan/,General AWS User Groups
AWS User Group Milano,"Milano, Italy",https://www.meetup.com/AWSusergroupItaly/,General AWS User Groups
AWS User Group Moldova,Moldova,https://www.meetup.com/amazon-web-services-user-group-md/,General AWS User Groups
AWS User Group Mongolia,"Ulaanbaatar, Mongolia",https://awsmongolia.com/,General AWS User Groups
AWS User Group Montenegro,"Podgorica, Montenegro",https://www.meetup.com/aws-ug-montenegro/,General AWS User Groups
AWS User Group Montevideo,"Montevideo, Uruguay",https://www.meetup.com/aws-user-group-montevideo/,General AWS User Groups
AWS User Group Mumbai,"India, Mumbai",https://konfhub.com/generative-ai-worksop-on-aws,General AWS User Groups
AWS User Group Mumbai,"Mumbai, India",https://www.meetup.com/awsugmum/,General AWS User Groups
AWS User Group Myanmar,"Myanmar, Myanmar",https://www.facebook.com/groups/AWSusergroupmyanmar/,General AWS User Groups
AWS User Group NCR,"Delhi, India",https://www.meetup.com/amazonaws-delhi/events/301171150/,General AWS User Groups
AWS User Group Nairobi,"Nairobi, Kenya",https://www.meetup.com/AWS-User-Group-Nairobi/,General AWS User Groups
AWS User Group Nancy,"Nancy, France",https://www.meetup.com/fr-FR/awsugnancy/,General AWS User Groups
AWS User Group Napoli,Italy,https://www.meetup.com/AWS-User-Group-Napoli/,General AWS User Groups
AWS User Group Nashik,"Nashik, India",https://www.linkedin.com/company/aws-user-group-nashik/about/,General AWS User Groups
AWS User Group Nepal,"Kathmandu, Nepal",https://www.meetup.com/Amazon-Web-Services-AWS-User-Group-Nepal/,General AWS User Groups
AWS User Group Niger,No location,https://www.meetup.com/aws-user-goup-niger/,General AWS User Groups
AWS User Group Niger,"Niamey, Niger",https://www.linkedin.com/groups/12873776/,General AWS User Groups
AWS User Group North,"Manchester, United Kingdom",https://www.meetup.com/AWS-User-Group-North/,General AWS User Groups
AWS User Group North East England,"North East England, United Kingdom",https://www.meetup.com/AWS-User-Group-North-East-England/,General AWS User Groups
AWS User Group North East Scotland,"Dundee, UK",https://www.meetup.com/aws-user-group-north-east-scotland/events/301291936/,General AWS User Groups
AWS User Group North East Scotland,"UK, Dundee",https://www.meetup.com/aws-user-group-north-east-scotland/events/301291936,General AWS User Groups
AWS User Group Norway,"Oslo, Norway",https://www.meetup.com/AWS-User-Group-Norway/,General AWS User Groups
AWS User Group Norwich,"Norwich, United Kingdom",https://www.meetup.com/AWS-User-Group-Norwich/,General AWS User Groups
AWS User Group Nothern Luzon,"Angeles, Philippines",https://www.meetup.com/AWSUG-PH-Pampanga-Northern-Luzon/,General AWS User Groups
AWS User Group Novi Sad,"Novi Sad, Serbia",https://www.meetup.com/awsnovisad/,General AWS User Groups
AWS User Group Odessa,"Odessa, Ukraine",https://www.facebook.com/groups/191112881534813,General AWS User Groups
AWS User Group Olsztyn,"Olsztyn,  Poland",https://www.meetup.com/aws-user-group-olsztyn/,General AWS User Groups
AWS User Group Orebro,"Orebro, Sweden",https://www.meetup.com/aws-user-group-orebro/,General AWS User Groups
AWS User Group Oresund,"Malmö, Sweden",https://www.meetup.com/AWS-User-Group-Oresund/,General AWS User Groups
AWS User Group Padova,"Padova, Italy",https://www.meetup.com/aws-user-group-padova/,General AWS User Groups
AWS User Group Palermo,"Palermo, Italy",https://www.meetup.com/it-IT/aws-user-group-palermo/,General AWS User Groups
AWS User Group Palma Spain,"Palma, Spain",https://www.meetup.com/Amazon-Web-Services-User-Group-Palma-Spain/,General AWS User Groups
AWS User Group Panama,"Panamá, Panamá",https://www.meetup.com/AWS-User-Group-Panama/,General AWS User Groups
AWS User Group Pavia,"Pavia, Italy",https://www.meetup.com/awsusergrouppavia/,General AWS User Groups
AWS User Group Perth,"Perth, Australia",https://www.meetup.com/Amazon-Web-Services-User-Group/,General AWS User Groups
AWS User Group Philippines,"Manila, Philippines",https://www.meetup.com/AWS-User-Group-Philippines/ ,General AWS User Groups
AWS User Group Phnom Penh,"Phnom Penh, Cambodia",https://www.facebook.com/groups/aws.ug.phnompenh/,General AWS User Groups
AWS User Group Poland,"Warszawa, Poland",https://www.meetup.com/AWSUGPL/,General AWS User Groups
AWS User Group Puerto Rico,"Puerto Rico, Puerto Rico",https://www.meetup.com/amazon-web-services-puerto-rico-user-group/,General AWS User Groups
AWS User Group Pune,"Pune, India",https://www.meetup.com/aws-user-group-pune/events/301310699/,General AWS User Groups
AWS User Group Punjab,"Punjab, India",https://aws-pb.khalsa.tech/,General AWS User Groups
AWS User Group Pwani,"Mombasa, Kenya",https://www.meetup.com/awsugpwani/events/301173626/,General AWS User Groups
AWS User Group Qatar,"Doha, Qatar",https://www.meetup.com/aws-user-group-qatar/,General AWS User Groups
AWS User Group Québec City ,"Québec, Canada",https://www.meetup.com/quebeccity-aws-user-group/,General AWS User Groups
AWS User Group Rajkot,"Rajkot, India",https://bit.ly/awscommunityrajkot,General AWS User Groups
AWS User Group Recife,"Recife, Brazil",https://www.meetup.com/pt-BR/aws-user-group-recife/,General AWS User Groups
AWS User Group Roma,"Rome, Italy",https://www.meetup.com/Amazon-Web-Services-Rome/,General AWS User Groups
AWS User Group Salento,"Salento, Italy",https://www.meetup.com/it-IT/aws-user-group-salento/,General AWS User Groups
AWS User Group Saltillo,"Saltillo, México",https://www.meetup.com/aws-user-group-saltillo/,General AWS User Groups
AWS User Group San Salvador,"San Salvador, El Salvador",https://www.meetup.com/AWS-User-Group-San-Salvador,General AWS User Groups
AWS User Group Sarajevo,"Sarajevo, Bosnia & Herzegovina",https://www.meetup.com/AWS-User-Group-Sarajevo/,General AWS User Groups
AWS User Group Scotland,"Edinburgh, United Kingdom",https://www.meetup.com/Amazon-Web-Services-User-Group-Scotland/,General AWS User Groups
AWS User Group Seattle | AWSUGSEA,"Seattle, USA",https://www.meetup.com/AWS-Seattle-OfficialEvents/,General AWS User Groups
AWS User Group Sergipe,"Aracaju, Brasil",https://www.meetup.com/aws-user-group-sergipe/,General AWS User Groups
AWS User Group Serverless NYC,"New York City, New York, USA",https://www.meetup.com/aws-serverless-group-new-york/,General AWS User Groups
AWS User Group Sevilla,"Sevilla, Spain",https://www.meetup.com/aws-user-group-sevilla/,General AWS User Groups
AWS User Group Shanghai,"Shanghai, China",https://www.caws-ug.cn,General AWS User Groups
AWS User Group Shenzhen,"Shenzhen, China",https://www.caws-ug.cn/index.html#/Home/OrganizerParticular?CityName=%E6%B7%B1%E5%9C%B3&CityId=10310,General AWS User Groups
AWS User Group Silesia ,"Silesia, Katowice, Poland",https://www.meetup.com/aws-user-group-silesia,General AWS User Groups
AWS User Group Singapore,"Singapore, Singapore",https://www.meetup.com/AWS-SG/,General AWS User Groups
AWS User Group Slovakia,"Bratislava, Slovakia",https://www.meetup.com/AWS-User-Group-Slovakia/,General AWS User Groups
AWS User Group South East - Waterford,"Waterford, Ireland",https://www.meetup.com/aws-user-group-south-east/,General AWS User Groups
AWS User Group Stavanger,"Stavanger, Norway",https://www.meetup.com/AWS-User-Group-Stavanger/,General AWS User Groups
AWS User Group Strasbourg,"Strasbourg, France",https://www.meetup.com/AWS-User-Group-Strasbourg/,General AWS User Groups
AWS User Group Stuttgart,"Stuttgart, Germany",https://www.meetup.com/AWS-UserGroup-Stuttgart/,General AWS User Groups
AWS User Group Surabaya,"Surabaya, Indonesia",https://www.meetup.com/AWS-User-Group-Surabaya/,General AWS User Groups
AWS User Group Surat,"Surat, India",https://www.meetup.com/surat-aws-user-group/,General AWS User Groups
AWS User Group Surat,"India, Surat",https://www.meetup.com/surat-aws-user-group/events/302034735/?utm_medium=referral&utm_campaign=share-btn_savedevents_share_modal&utm_source=link,General AWS User Groups
AWS User Group Sydney,"Sydney, Australia",https://www.meetup.com/AWS-Sydney/,General AWS User Groups
AWS User Group Taiwan,"Taiwan, Taipei",https://awscmd.tw/,General AWS User Groups
AWS User Group Taiwan,Taiwan,https://www.facebook.com/groups/awsugtw/,General AWS User Groups
AWS User Group Tampere,"Tampere, Finland",https://www.meetup.com/AWS-User-Group-Tampere/,General AWS User Groups
AWS User Group Tashkent,"Tashkent, Uzbekistan",https://www.meetup.com/aws-tashkent/,General AWS User Groups
AWS User Group Tashkent,"Uzbekistan, Tashkent",https://www.meetup.com/aws-tashkent/events/301460462,General AWS User Groups
AWS User Group Tbilisi,"Tbilisi, Georgia",https://www.meetup.com/AWS-User-Group-Tbilisi/,General AWS User Groups
AWS User Group Thailand,"Bangkok, Thailand",https://www.facebook.com/groups/696722700418928/,General AWS User Groups
AWS User Group Thames Valley,"Thames Valley, United Kingdom",https://www.meetup.com/AWS-User-Group-Thames-Valley/,General AWS User Groups
AWS User Group The Netherlands,"Netherlands, Haarlem",https://www.meetup.com/awsugnl/events/301382265/,General AWS User Groups
AWS User Group Ticino,"Lugano, Switzerland",https://www.meetup.com/AWS-User-Group-Ticino/,General AWS User Groups
AWS User Group Tijuana,"Tijuana, Mexico",https://www.meetup.com/aws-ug-tijuana/events/past/,General AWS User Groups
AWS User Group Tirane,"Tiranë, Albania",https://www.meetup.com/AWS-User-Group-Tirane/,General AWS User Groups
AWS User Group Tirupati,"Tirupati, India",https://www.meetup.com/aws-user-group-tirupati/,General AWS User Groups
AWS User Group Torino,"Turin, Italy",https://www.meetup.com/AWS-User-Group-Torino/,General AWS User Groups
AWS User Group Triangulo Mineiro,"Uberlandia, Brazil",https://www.meetup.com/aws-user-group-triangulo-mineiro/,General AWS User Groups
AWS User Group Trivandrum,"Trivandrum, India",https://www.meetup.com/awsug-tvm/,General AWS User Groups
AWS User Group Trondheim,"Trondheim, Norway",https://www.meetup.com/AWS-User-Group-Trondheim,General AWS User Groups
AWS User Group Tubarão ,"Tubarão, Brasil",https://www.meetup.com/tubaraoops/,General AWS User Groups
AWS User Group Tuebingen,"Tübingen, Germany",https://www.meetup.com/AWS-User-Group-Tuebingen/,General AWS User Groups
AWS User Group Turkey,"Istanbul, Turkey",https://www.meetup.com/AWS-User-Group-Turkey/,General AWS User Groups
AWS User Group UK,"London, United Kingdom",https://www.meetup.com/AWSUGUK/,General AWS User Groups
AWS User Group Ukraine Lviv,"Lviv, Ukraine",https://www.meetup.com/Official-AWS-User-Group-Lviv-Ukraine/,General AWS User Groups
AWS User Group Ulm Neu Ulm,"Ulm/Neu-Ulm, Germany",https://www.meetup.com/AWS-User-Group-Ulm-Neu-Ulm/,General AWS User Groups
AWS User Group Vadodara,"Vadodara, India",https://www.meetup.com/AWS-Community-Vadodara/,General AWS User Groups
AWS User Group Venezia,"Venezia, Italy",https://www.meetup.com/aws-user-group-venezia/,https://www.meetup.com/aws-user-group-venezia/
AWS User Group Vietnam,"Vietnam, Vietnam",https://www.facebook.com/AmazonWebServiceVietnam,General AWS User Groups
AWS User Group Villahermosa,"Villahermosa, México",https://www.meetup.com/aws-ug-villahermosa/,General AWS User Groups
AWS User Group Warsaw,"Warsaw, Poland",https://www.meetup.com/pl-PL/aws-user-group-warsaw/,General AWS User Groups
AWS User Group Wellington,"Wellington, New Zealand",https://www.meetup.com/Amazon-Web-Services-Wellington-User-Group/,General AWS User Groups
AWS User Group West Midlands,"Birmingham, United Kingdom",https://www.meetup.com/AWS-User-Group-West-Midlands/,General AWS User Groups
AWS User Group Western Visayas,"Bacolod, Philippines",https://www.meetup.com/AWS-Usergroup-PH-Western-Visayas/,General AWS User Groups
AWS User Group Wilmington,"Wilmington, USA",https://www.meetup.com/wilmington-aws-user-group/,General AWS User Groups
AWS User Group Women Bay Area,"San Francisco, California, USA",https://www.meetup.com/aws-women-bay-area/,General AWS User Groups
AWS User Group Women Ecuador,"Quito, Ecuador",https://www.meetup.com/aws-women-ecuador/,General AWS User Groups
AWS User Group Women in Tech India,India,https://www.meetup.com/aws-user-group-women-in-tech-india/,General AWS User Groups
AWS User Group Wuhan,"Wuhan, China",https://www.caws-ug.cn/index.html#/Home/OrganizerParticular?CityName=%E6%AD%A6%E6%B1%89&CityId=10315,General AWS User Groups
AWS User Group Xi'an,"Xi'an, China",https://www.caws-ug.cn/index.html#/Home/OrganizerParticular?CityName=%E8%A5%BF%E5%AE%89&CityId=10311,General AWS User Groups
AWS User Group Yaounde,"Yaounde, Cameroon",https://www.meetup.com/aws-user-group-yaounde/,General AWS User Groups
AWS Usergroup Belfast,"Belfast, United Kingdom",https://www.meetup.com/AWS-Usergroup-Belfast/,General AWS User Groups
AWS Usergroup Brisbane,"Australia, Brisbane",https://www.meetup.com/aws-brisbane/events/301234231/?isFirstPublish=true,General AWS User Groups
AWS Usergroup Galway,"Galway, Ireland",https://www.meetup.com/AWS-Usergroup-Galway/,General AWS User Groups
AWS Usergroup Munsterland,"Münster, Germany",https://www.meetup.com/AWS-Usergroup-Munsterland/,General AWS User Groups
AWS Users Cyprus,"Nicosia, Cyprus",https://www.meetup.com/aws-users-cyprus/,General AWS User Groups
AWS Users Group CE,"Ceará, Brazil",https://www.meetup.com/AWS-Users-Group-CE/,General AWS User Groups
AWS Valencia,"Valencia, Spain",https://www.meetup.com/AWS-Valencia/,General AWS User Groups
AWS Vienna,"Vienna, Austria",https://www.meetup.com/Amazon-Web-Services-AWS-Vienna/,General AWS User Groups
AWS Wollongong User Group,"Wollongong, Australia",https://www.meetup.com/aws-wollongong/,General AWS User Groups
AWS Women Colombia User Group,"Bogotá, Colombia",https://www.meetup.com/es/aws-women-colombia-user-group/,Women's User Groups
AWS Women in Tech User Group Australia,No location,https://www.meetup.com/aws-women-in-tech-user-group-australia/,General AWS User Groups
AWS Women in Tech User Group Lahore,"Lahore, Pakistan",https://www.meetup.com/aws-user-group-women-in-tech-lahore/,General AWS User Groups
AWS Women's User Group Berlin,"Berlin, Germany",https://www.meetup.com/berlin-amazon-web-services-meetup-group/,General AWS User Groups
AWS Womens UG Jeddah,"Jeddah, Saudi Arabia",https://www.linkedin.com/groups/13064153/,General AWS User Groups
AWS Womens User Group Munich,"Munich, Germany",https://www.linkedin.com/company/aws-womens-user-group-munich/about/,General AWS User Groups
AWS Womens User Group UAE,"Dubai, UAE",https://www.linkedin.com/company/aws-womens-user-group-uae/,General AWS User Groups
AWS Yemen User Group,"Yemen, Yemen",https://www.meetup.com/aws-yemen-user-group/,General AWS User Groups
AWS Zaragoza User Group,"Zaragoza, Spain",https://www.meetup.com/awszgz/,General AWS User Groups
AWSKRUG Architect,Korea,https://github.com/awskrug/architecture-group,EC2 / Windows
AWSKRUG Beginner,Korea,https://github.com/awskrug/meetups/wiki/AWSKRUG-Beginners,General AWS User Groups
AWSKRUG CLI,Korea,https://github.com/awskrug/cli-group,General AWS User Groups
AWSKRUG Container,Korea,https://github.com/awskrug/container-group,Containers
AWSKRUG DataScience,Korea,https://github.com/awskrug/datascience-group,Analytics
AWSKRUG Database,Korea,https://github.com/awskrug/database-group,Databases
AWSKRUG DeepRacer,Korea,https://github.com/awskrug/deepracer-group,AI/ML
AWSKRUG DevAx Connect,Korea,https://github.com/awskrug/meetups/wiki/AWSKRUG-DevAx-Connect,Customer Enablement / ProServe
AWSKRUG DevOps,Korea,https://github.com/awskrug/devops-group,General AWS User Groups
AWSKRUG Enterprise,Korea,https://github.com/awskrug/meetups/wiki/AWSKRUG-Enterprise,Migration
AWSKRUG Facebook,Korea,https://www.facebook.com/group/awskrug,General AWS User Groups
AWSKRUG Guro,Korea,https://github.com/awskrug/gudi-group,General AWS User Groups
AWSKRUG Jamsil,Korea,https://github.com/awskrug/meetups/wiki/AWSKRUG-Jamsil,General AWS User Groups
AWSKRUG ML Study,Korea,https://github.com/awskrug/meetups/wiki/AWSKRUG-ML-Study,AI/ML
AWSKRUG Naver,Korea,https://cafe.naver.com/awskrug,General AWS User Groups
AWSKRUG Pankyo,Korea,https://github.com/awskrug/pangyo-group,General AWS User Groups
AWSKRUG Security,Korea,https://github.com/awskrug/meetups/wiki/AWSKRUG-Security,Security
AWSKRUG Serverless,Korea,https://github.com/awskrug/serverless-group,Serverless
AWSKRUG Slack,Korea,https://awskrug.slack.com,General AWS User Groups
AWSKRUG Startups,Korea,https://github.com/awskrug/meetups/wiki/AWSKRUG-Startups,General AWS User Groups
AWSKRUG University Students (AUSG),Korea,https://ausg.me/,General AWS User Groups
AWSKRUG iot,"South Korea, Seoul",https://www.meetup.com/ko-KR/awskrug/events/301974601,General AWS User Groups
Aix-Marseille AWS User Group,"Marseille, France",https://www.meetup.com/Marseille-AWS-User-Group/,General AWS User Groups
Algarve AWS User Group,"Loulé, Portugal",https://www.meetup.com/loule-cloud-computing-meetup-group/,General AWS User Groups
Amazon OpenSearch Service User Group,"New York City, New York, USA",https://www.meetup.com/amazon-opensearch-user-group/,General AWS User Groups
Amazon Web Services (AWS) San Antonio Users Group,"San Antonio, Texas, USA",https://www.meetup.com/Amazon-Web-Services-AWS-San-Antonio-Users-Group/,General AWS User Groups
Amazon Web Services (AWS) User Group - PITTSBURGH,"Pittsburgh, Pennsylvania, USA",https://www.meetup.com/Pittsburgh-Amazon-Web-Services-AWS-Users/,General AWS User Groups
Amazon Web Services - Frederick,"Frederick, Maryland, USA",https://www.meetup.com/awsfrederick/,General AWS User Groups
Amplify Japan User Group,Tokyo,https://aws-amplify-jp.github.io/,Front-End Web & Mobile
Atlanta AWS Builders (Buckhead),"Atlanta, Georgia, USA",https://www.meetup.com/Atlanta-AWS-Builders/,General AWS User Groups
Auckland AWS Tools and Programming,"Auckland, Australia",https://www.meetup.com/auckland-aws-tools-meetup/,General AWS User Groups
Auckland AWS Tools and Programming User Group,"Auckland, New Zealand",https://www.meetup.com/auckland-aws-tools-meetup/,General AWS User Groups
Austin AWS Users,"Austin, Texas, USA",https://www.meetup.com/Austin-AWS-Users/,General AWS User Groups
Barcelona AWS Meetup,"Barcelona, Spain",https://www.meetup.com/Barcelona-Amazon-Web-Services-Meetup/,General AWS User Groups
Bay Area AWS User Group,"San Jose, California, USA",https://www.meetup.com/Bay-Area-AWS-User-Group/,General AWS User Groups
BelfAWSt Meetup,"Nothern Ireland, UK",https://www.meetup.com/belfawst-meetup/,General AWS User Groups
Berlin AWS User Group,"Berlin, Germany",https://www.meetup.com/aws-berlin/,General AWS User Groups
Birmingham AWS Meetup,"Birmingham, Alabama, USA",https://www.meetup.com/BirminghamAWS/,General AWS User Groups
Bordeaux AWS User Group,"Bordeaux, France",https://www.meetup.com/fr-FR/Bordeaux-Amazon-Web-Services,General AWS User Groups
Brisbane Data Engineering Meetup,"Brisbane, Australia",https://www.meetup.com/Brisbane-Data-Engineering-meetup/,Analytics
Bucharest AWS User Group,"Bucharest, Romania",https://www.meetup.com/Bucharest-AWS-User-Group/,General AWS User Groups
Calgary AWS User Group,"Calgary, Alberta, Canada",https://www.meetup.com/Calgary-AWS-User-Group/,General AWS User Groups
Cape Town AWS,"Cape Town, South Africa",https://www.meetup.com/Cape-Town-AWS/,General AWS User Groups
Cape Town AWS Meetup,"South Africa, Cape Town",https://www.meetup.com/cape-town-aws/events/301954698/?utm_medium=referral&utm_campaign=share-btn_savedevents_share_modal&utm_source=link,General AWS User Groups
Charleston Amazon Web Services (AWS),"Mount Pleasant, USA",https://www.meetup.com/chs-amazon-web-services/,General AWS User Groups
Chicago AWS User Group,"Chicago, Illinois, USA",https://www.eventbrite.com/o/chicago-aws-user-group-16580522862,General AWS User Groups
Cologne AWS User Group,"Köln, Germany",https://www.meetup.com/aws-cologne/,General AWS User Groups
Columbia AWS User Group,"Columbia, South Carolina, USA",https://www.meetup.com/columbia-aws-users-group/,General AWS User Groups
Columbus AWS AWS Meetup,"Columbus, Ohio, USA",https://www.meetup.com/Columbus-AWS-Amazon-Web-Services-Meetup/,General AWS User Groups
Copenhagen AWS User Group,"Copenhagen, Denmark",https://www.meetup.com/es-ES/Copenhagen-AWS-User-Group/,General AWS User Groups
Criciumaops,"Criciúma, Brazil",https://www.linkedin.com/company/criciumaops,General AWS User Groups
Côte d’Azur AWS User Group,"Côte d’Azur, France",https://www.meetup.com/AWS-cote-dAzur/,General AWS User Groups
Dammam AWS,"Dammam, Saudi Arabia",https://www.meetup.com/Dammam-AWS/,General AWS User Groups
Dortmund AWS User Group,"Dortmund, Germany",https://www.meetup.com/Dortmund-AWS-User-Group/,General AWS User Groups
Dresden AWS User Group,"Dresden, Germany",https://www.meetup.com/Dresden-AWS-User-Group,General AWS User Groups
Embajadoras Cloud,"Mexico City, Mexico",https://www.meetup.com/Embajadoras-Cloud,Women's User Groups
Florida AWS Security Users Meetup Group,"Orlando, USA",https://www.meetup.com/florida-aws-security-meetup-group/,General AWS User Groups
Frankfurt AWS User Group,"Frankfurt, Germany",https://www.meetup.com/aws-frankfurt/,General AWS User Groups
Game Tech - Amazon Lumberyard - Sul Brasil,"Florianópolis, Brazil",https://www.meetup.com/gametech/,Game Tech
Gen AI Philippines,"Philippines, Makati",https://www.facebook.com/photo?fbid=122138560730255386&set=a.122103541016255386,General AWS User Groups
Greater Philadelphia AWS User Group,"Philadelphia, USA",https://www.meetup.com/gpawsug/events/300943087/,General AWS User Groups
Greater Philadelphia Area User Group,"Philadelphia, Pennsylvania, USA",https://www.meetup.com/gpawsug/,General AWS User Groups
Grenoble AWS User Group,"Grenoble, France",https://www.meetup.com/Grenoble-AWS-User-Group/,General AWS User Groups
Hamburg AWS User Group,"Hamburg, Germany",https://www.meetup.com/awsugHH/,General AWS User Groups
Hampton Roads Amazon Web Services User Group,"Virginia Beach, USA",https://www.meetup.com/hampton-roads-amazon-web-services-user-group/,General AWS User Groups
Ilmenau AWS Meetup,"Ilmenau, Germany",https://www.meetup.com/Ilmenau-Amazon-Web-Services-Meetup/,General AWS User Groups
Indy AWS,"Indianapolis, Indiana, USA",https://www.meetup.com/IndyAWS/,General AWS User Groups
Ipswich AWS User Group,"Ipswich, United Kingdom",https://www.meetup.com/Ipswich-AWS-User-Group,General AWS User Groups
Iraq AWS Meetup,"Baghdad, Iraq",https://www.meetup.com/iraq-aws-meetup-group/,General AWS User Groups
Iraq Cloud,"Baghdad, Iraq",https://www.facebook.com/groups/iraqcloud,General AWS User Groups
JAWG-UG Storage (Storage-JAWS),"Tokyo, Japan",https://storage-jaws.connpass.com/,General AWS User Groups
JAWS User Groups,Tokyo,https://jaws-ug.jp/,General AWS User Groups
JAWS-UG AI/ML,Tokyo,https://jawsug-ai.connpass.com/,AI/ML
JAWS-UG Aizu,Aizu,https://jaws-tohoku.doorkeeper.jp/,General AWS User Groups
JAWS-UG Akita,Akita,https://jaws-tohoku.doorkeeper.jp/,General AWS User Groups
JAWS-UG Aomori,Aomori,https://jaws-tohoku.doorkeeper.jp/,General AWS User Groups
JAWS-UG Architecture,Tokyo,https://jawsug-arch.connpass.com/,General AWS User Groups
JAWS-UG Beginners,Tokyo,https://jawsug-bgnr.connpass.com/,General AWS User Groups
JAWS-UG BigData (BigData-JAWS),Tokyo,https://jawsug-bigdata.connpass.com/,"Analytics, Database"
JAWS-UG CDK,Tokyo,https://jawsug-cdk.connpass.com/,General AWS User Groups
JAWS-UG CLI,Tokyo,https://jawsug-cli.connpass.com/,General AWS User Groups
JAWS-UG Chiba,Chiba,https://jawsug-chiba.doorkeeper.jp/,General AWS User Groups
JAWS-UG Cloud Girls' Association,Tokyo,https://cloudgirl.doorkeeper.jp/,Women's User Groups
JAWS-UG Container,Tokyo,https://jawsug-container.connpass.com/,Containers
JAWS-UG DE&I,Osaka,https://jawsugkgirls.doorkeeper.jp/,Women's User Groups
JAWS-UG Ehime,Ehime,https://jawsug-ehime.doorkeeper.jp/,General AWS User Groups
JAWS-UG Finance (Fin-JAWS),Tokyo,https://fin-jaws.connpass.com/,General AWS User Groups
JAWS-UG Fukuoka,Fukuoka,https://jaws-ug-kyushu.doorkeeper.jp/,General AWS User Groups
JAWS-UG GameTech,Tokyo,https://jawsug-gametech.connpass.com/,Game Tech
JAWS-UG Gunma,Gunma,https://jawsug-gunma.connpass.com/,General AWS User Groups
JAWS-UG HPC,Tokyo,https://jawsug-hpc.connpass.com/,EC2 / Windows
JAWS-UG Hakodate,Hakodate,https://jawsug-hakodate.doorkeeper.jp/,General AWS User Groups
JAWS-UG Hamamatsu,Hamamatsu,https://jawsug-hamamatsu.doorkeeper.jp/,General AWS User Groups
JAWS-UG Hiroshima,Hiroshima,https://jawsug-hiroshima.doorkeeper.jp/,General AWS User Groups
JAWS-UG Information System Admins,Tokyo,https://jawsug-sysad.connpass.com/,Migration
JAWS-UG IoT,Tokyo,https://jawsug-iot.connpass.com/,General AWS User Groups
JAWS-UG Iwata,Iwata,https://jawsug-iwata.connpass.com/,General AWS User Groups
JAWS-UG Kagawa (Udon),Kagawa,https://jawsug-kagawa.connpass.com/,General AWS User Groups
JAWS-UG Kanazawa,Kanazawa,https://jawsug-kanazawa.doorkeeper.jp/,General AWS User Groups
JAWS-UG Kansai IoT,Osaka,https://jawsugosaka.doorkeeper.jp/,General AWS User Groups
JAWS-UG Kochi (Tosa),Kochi,https://jawsug-tosa.doorkeeper.jp/,General AWS User Groups
JAWS-UG Kyoto,Kyoto,https://jawsugosaka.doorkeeper.jp/,General AWS User Groups
JAWS-UG Media (Media-JAWS),Tokyo,https://media-jaws.doorkeeper.jp/,Media Services
JAWS-UG Morning (ASA),Tokyo,https://jawsug-asa.connpass.com/,General AWS User Groups
JAWS-UG Nagano,Nagano,https://jawsug-nagano.connpass.com/,General AWS User Groups
JAWS-UG Nagasaki,Nagasaki,https://jaws-ug-kyushu.doorkeeper.jp/,General AWS User Groups
JAWS-UG Nagoya,Nagoya,https://jawsug-nagoya.doorkeeper.jp/,General AWS User Groups
JAWS-UG Network (NW-JAWS),Tokyo,https://jawsug-nw.connpass.com/,Networking & Content Delivery
JAWS-UG Niigata,Niigata,https://jawsug-niigata.connpass.com/,General AWS User Groups
JAWS-UG Oita,Oita,https://jawsug-oita.doorkeeper.jp/,General AWS User Groups
JAWS-UG Okayama,Okayama,https://jaws-ug-okayama.doorkeeper.jp/,General AWS User Groups
JAWS-UG Okinawa,Okinawa,https://jaws-ug-okinawa.doorkeeper.jp/,General AWS User Groups
JAWS-UG Operations (Ops JAWS),Tokyo,https://opsjaws.doorkeeper.jp/,General AWS User Groups
JAWS-UG Osaka (KANSAI),Osaka,https://jawsugosaka.doorkeeper.jp/,General AWS User Groups
JAWS-UG Ropongi 1Chome,Tokyo,https://jawsug-ropponngi-1chome.doorkeeper.jp/,General AWS User Groups
JAWS-UG SAGA,"Saga, Japan",https://jawsug-saga.connpass.com/event/320047/,General AWS User Groups
JAWS-UG SRE,Tokyo,https://jawsug-sre.connpass.com/,General AWS User Groups
JAWS-UG Sales,Osaka,https://jawsugosaka.doorkeeper.jp/,General AWS User Groups
JAWS-UG Sappro,Sapporo,https://jawsug-sapporo.doorkeeper.jp/,General AWS User Groups
JAWS-UG Security (Security-JAWS),Tokyo,https://s-jaws.doorkeeper.jp/,Security
JAWS-UG Sendai,Sendai,https://jaws-tohoku.doorkeeper.jp/,General AWS User Groups
JAWS-UG Shimane,Shimane,https://jawsug-shimane.doorkeeper.jp/,General AWS User Groups
JAWS-UG Storage,"Tokyo, Japan",https://storage-jaws.connpass.com/,General AWS User Groups
JAWS-UG Tokushima,Tokushima,https://jawsohenro.doorkeeper.jp/,General AWS User Groups
JAWS-UG Tokyo,Tokyo,https://jawsug.connpass.com/,General AWS User Groups
JAWS-UG Yamagata,Yamagata,https://jaws-tohoku.doorkeeper.jp/,General AWS User Groups
JAWS-UG Yokohama,Yokohama,https://jawsug-yokohama.connpass.com/,General AWS User Groups
Jackson Metro AWS Meetup Group,"Jackson, Mississppi, USA",https://www.meetup.com/jacksonmetro-amazon-web-services-meetup-group/,General AWS User Groups
Jacksonville AWS User Group,"Jacksonville, USA",https://www.meetup.com/jacksonville-aws/,General AWS User Groups
Kitchener Waterloo AWS User Group,"Waterloo, Canada",https://www.meetup.com/waterloo-aws-user-group/,General AWS User Groups
Knoxville AWS Meetup,"Knoxville, Tennessee, USA",https://www.meetup.com/Knoxville-Amazon-Web-Services-Meetup/,General AWS User Groups
Lehigh Valley AWS User's Group,"Easton / Lehigh Valley, Pennsylvania, USA",https://www.meetup.com/lehigh-valley-aws-user-group,General AWS User Groups
Leipzig AWS User Group,"Leipzig, Germany",https://www.meetup.com/de/aws-leipzig/,General AWS User Groups
Lille AWS AWS User Group,"Lille, France, France",https://www.meetup.com/Lille-AWS-Amazon-Web-Services-User-Group/,General AWS User Groups
Lomé AWS User Group,"Lomé, Togo",https://www.meetup.com/lome-aws-user-group/,General AWS User Groups
London AWS S3 Meetup Group,"Reading, United Kingdom",https://www.meetup.com/London-AWS-S3-Meetup-Group/,General AWS User Groups
Madrid AWS Meetup,"Madrid, Spain",https://www.meetup.com/Madrid-Amazon-Web-Services-Meetup/,General AWS User Groups
Mauritius AWS User Group,"Port Louis, Mauritius",https://www.meetup.com/mauritius-aws-user-group,General AWS User Groups
Melbourne AWS Programming and Tools Meetup,"Melbourne, Australia",https://www.meetup.com/Melbourne-AWS-Programming-and-Tools-Meetup/,General AWS User Groups
Melbourne Data Engineering Meetup,"Melbourne, Australia",https://www.meetup.com/Melbourne-Data-Engineering-Meetup/,Analytics
Melbourne Serverless Meetup,"Melbourne, Australia",https://www.meetup.com/Melbourne-Serverless-Meetup-Group/,Serverless
Miami AWS User Group,"Miami, USA",https://www.meetup.com/aws-miami-user-group/,General AWS User Groups
Milton Keynes AWS User Group,"Milton Keynes, United Kingdom",https://www.meetup.com/Milton-Keynes-AWS-User-Group/,General AWS User Groups
Montpellier AWS User Group,"Montpellier, France",https://www.meetup.com/Montpellier-Amazon-Web-Services/,General AWS User Groups
Montréal AWS User Group,"Montréal, Canada",https://www.meetup.com/montreal-aws-users-united/,General AWS User Groups
Mzansi AWS,"Johannesburg, South Africa",https://www.meetup.com/mzansi-aws/,General AWS User Groups
NW Atlanta AWS User Group,"United States, Atlanta",https://www.meetup.com/nw-atlanta-amazon-web-services-meetup/events/300611557/?slug=nw-atlanta-amazon-web-services-meetup&eventId=300611557,General AWS User Groups
NY Capital District AWS User Group,"Schenectady, New York, USA",https://www.meetup.com/ny-capital-district-aws-user-group,General AWS User Groups
Nantes AWS User Group,"Nantes, France",https://www.meetup.com/AWS-Nantes/,General AWS User Groups
Nashville AWS User Group,"Nashville, Tennessee, USA",https://www.meetup.com/nawsug/,General AWS User Groups
Niederbayern AWS User Group,"Passau, Germany",https://www.meetup.com/niederbayern-aws-user-group/,General AWS User Groups
Northwest Atlanta Meetup,"Atlanta, Georgia, USA",https://www.meetup.com/NW-Atlanta-Amazon-Web-Services-Meetup/,General AWS User Groups
Nurnberg AWS User Group,"Nürnberg, Germany",https://www.meetup.com/Nurnberg-AWS-User-Group/,General AWS User Groups
Omaha AWS Meetup,"Omaha, Nebraska, USA",https://www.meetup.com/Omaha-Amazon-Web-Services-Meetup/,General AWS User Groups
Orlando AWS User Group,"Orlando, USA",https://www.meetup.com/orlandoaws/,General AWS User Groups
Ottawa AWS User Group,"Ottawa, Ontario, Canada",https://www.meetup.com/Ottawa-AWS-User-Group/,General AWS User Groups
Paris AWS User Group,"Paris, France",https://www.meetup.com/French-AWS-UG/,General AWS User Groups
Pau AWS User Group,"Pau, France",https://www.meetup.com/Pau-AWS-User-Group/,General AWS User Groups
Perth Data Engineering Meetup,"Perth, Australia",https://www.meetup.com/Perth-Data-Engineering-Meetup/,Analytics
Poitiers AWS User Group,"Poitiers, France",https://www.meetup.com/Poitiers-AWS-User-Group/,General AWS User Groups
Prague AWS Meetup,"Prague, Czech Republic",https://www.meetup.com/Prague-AWS-Meetup/,General AWS User Groups
Québec City AWS User Group,"Québec City, Québec, Canada",https://www.meetup.com/QuebecCity-AWS-User-Group/,General AWS User Groups
RGC3 Rio Grande Corridor Cloud Community | AWS UG,"Las Cruces, NM, USA",https://www.meetup.com/rio-grande-cloud-aws/,General AWS User Groups
Rennes AWS User Group,"Rennes, France",https://www.meetup.com/Rennes-Amazon-Web-Services-User-Group/,General AWS User Groups
Richmond Cloud Wranglers,"Richmond, Virginia, USA",https://www.meetup.com/rvacloudwranglers/,General AWS User Groups
Saint Louis Amazon Web Services Meetup,"St. Louis, Missouri, USA",https://www.meetup.com/Saint-Louis-Amazon-Web-Services-Meetup/,General AWS User Groups
Santa Cruz AWS Meetup Group,"Santa Cruz, California, USA",https://www.meetup.com/santa-cruz-aws-meetup-group/,General AWS User Groups
Santa Cruz AWS User Group,"US, Santa Cruz",https://www.meetup.com/santa-cruz-aws-meetup-group/events/301327803,General AWS User Groups
Silicon Valley Cloud and AI Engineers,"Santa Clara, California, USA",https://www.meetup.com/meetup-group-kOMaBzOz/,General AWS User Groups
Sydney Data Engineering Meetup,"Sydney, Australia",https://www.meetup.com/Sydney-Data-Engineering-Meetup/,Analytics
Sydney Serverless Meetup Group,"Sydney, Australia",https://www.meetup.com/Sydney-Serverless-Meetup-Group/,Serverless
São Paulo AWS Meetup,"São Paulo, Brazil",https://www.meetup.com/Sao-Paulo-Amazon-Web-Services-AWS-Meetup/,General AWS User Groups
Tampa Bay AWS User Group,"Tampa, USA",https://www.meetup.com/tampa-bay-aws/events/301154655/,General AWS User Groups
Tampa Bay AWS User Group,"Tampa, Florida, USA",https://www.meetup.com/Tampa-Bay-AWS-Group/,General AWS User Groups
The bAWSton User Group,"Boston, Massachusetts, USA",https://www.meetup.com/The-Boston-Amazon-Web-Services-Meetup-Group/,General AWS User Groups
Toronto AWS User Group,"Toronto, Ontario, Canada",https://www.meetup.com/Toronto-AWS-Users-United,General AWS User Groups
Toulouse AWS User Group,"Toulouse, France",https://www.meetup.com/Toulouse-Amazon-Web-Services/,General AWS User Groups
Triad AWS User Group,"Greensboro, USA",https://www.meetup.com/triad-aws-user-group/,General AWS User Groups
Twin Cities AWS User Group,"Minneapolis, Minnesota, USA",https://www.meetup.com/Twin-Cities-Amazon-Web-Services-User-Group/,General AWS User Groups
UG Salento,"Salento,Italy",https://www.meetup.com/it-IT/aws-user-group-salento/,General AWS User Groups
Utah AWS User Group,"Lehi, Utah, USA",https://www.meetup.com/Utah-AWS/,General AWS User Groups
Vancouver AWS User Group,"Vancouver, Canada",https://www.meetup.com/vanawsug/,General AWS User Groups
Vancouver AWS User Group,"Canada, Vancouver",https://www.meetup.com/vancouver-amazon-web-services-user-group,General AWS User Groups
Vancouver Amazon Web Services User Group,"Vancouver, British Columbia, Canada",https://www.meetup.com/Vancouver-Amazon-Web-Services-User-Group/,General AWS User Groups
West Michigan AWS Users Group,"Grand Rapids, USA",https://www.meetup.com/west-michigan-aws-users-group/,General AWS User Groups
West Palm Beach - South Florida,"West Palm Beach, Florida, USA",https://www.meetup.com/South-Florida-Amazon-Web-Services-Meetup/,General AWS User Groups
York AWS User Group,"York, United Kingdom",https://www.meetup.com/York-Amazon-Web-Services-User-Group/,General AWS User Groups